"Time","TempC","DewTempC","RelH","WindDir","WindSpdkm.h","Visibilitykm","PresskPa","Hmdx","WindChill","Weather","Year","Month","Day","StationName"
"00:00","-5.5",-8.6,79,24,15,NA,"LegendMM",NA,-11,"LegendNANA",2015,1,1,"Barnwell AGDM"
"01:00","-5.3",-8.3,79,25,14,NA,"LegendMM",NA,-11,"LegendNANA",2015,1,1,"Barnwell AGDM"
"02:00","-5",-7.3,84,23,12,NA,"LegendMM",NA,-10,"LegendNANA",2015,1,1,"Barnwell AGDM"
"03:00","-3.7",-6.6,81,23,20,NA,"LegendMM",NA,-10,"LegendNANA",2015,1,1,"Barnwell AGDM"
"04:00","-2.5",-5.5,80,24,19,NA,"LegendMM",NA,-8,"LegendNANA",2015,1,1,"Barnwell AGDM"
"05:00","-2.4",-4.9,83,25,16,NA,"LegendMM",NA,-8,"LegendNANA",2015,1,1,"Barnwell AGDM"
"06:00","-2.3",-5.3,80,24,18,NA,"LegendMM",NA,-8,"LegendNANA",2015,1,1,"Barnwell AGDM"
"07:00","-2.9",-6.3,78,24,22,NA,"LegendMM",NA,-9,"LegendNANA",2015,1,1,"Barnwell AGDM"
"08:00","-3.5",-6.8,78,23,19,NA,"LegendMM",NA,-9,"LegendNANA",2015,1,1,"Barnwell AGDM"
"09:00","-3.6",-7.2,76,23,20,NA,"LegendMM",NA,-10,"LegendNANA",2015,1,1,"Barnwell AGDM"
"10:00","-3.9",-7.7,75,24,18,NA,"LegendMM",NA,-10,"LegendNANA",2015,1,1,"Barnwell AGDM"
"11:00","-3.2",-7.1,74,24,21,NA,"LegendMM",NA,-9,"LegendNANA",2015,1,1,"Barnwell AGDM"
"12:00",NA,NA,NA,NA,NA,NA,"",NA,NA,"",2015,1,1,"Barnwell AGDM"
"13:00","-1.7",-5.9,73,25,14,NA,"LegendMM",NA,-6,"LegendNANA",2015,1,1,"Barnwell AGDM"
"14:00","-0.8",-5.2,72,25,14,NA,"LegendMM",NA,-5,"LegendNANA",2015,1,1,"Barnwell AGDM"
"15:00","-1",-5.5,72,21,17,NA,"LegendMM",NA,-6,"LegendNANA",2015,1,1,"Barnwell AGDM"
"16:00","-1.6",-5.5,75,25,13,NA,"LegendMM",NA,-6,"LegendNANA",2015,1,1,"Barnwell AGDM"
"17:00","-3.2",-6.6,77,22,11,NA,"LegendMM",NA,-7,"LegendNANA",2015,1,1,"Barnwell AGDM"
"18:00","-4.3",-7.4,79,21,19,NA,"LegendMM",NA,-10,"LegendNANA",2015,1,1,"Barnwell AGDM"
"19:00","-6.1",-8.7,82,23,11,NA,"LegendMM",NA,-11,"LegendNANA",2015,1,1,"Barnwell AGDM"
"20:00","-7.4",-9.6,84,26,9,NA,"LegendMM",NA,-12,"LegendNANA",2015,1,1,"Barnwell AGDM"
"21:00","-7.2",-9,87,21,11,NA,"LegendMM",NA,-12,"LegendNANA",2015,1,1,"Barnwell AGDM"
"22:00","-6.8",-9,85,22,8,NA,"LegendMM",NA,-11,"LegendNANA",2015,1,1,"Barnwell AGDM"
"23:00","-6.1",-8.6,82,21,12,NA,"LegendMM",NA,-11,"LegendNANA",2015,1,1,"Barnwell AGDM"
"00:00","-5.3",-8.2,80,20,18,NA,"LegendMM",NA,-12,"LegendNANA",2015,1,2,"Barnwell AGDM"
"01:00","-4.7",-7.9,79,19,19,NA,"LegendMM",NA,-11,"LegendNANA",2015,1,2,"Barnwell AGDM"
"02:00","-5.4",-8.1,81,22,11,NA,"LegendMM",NA,-10,"LegendNANA",2015,1,2,"Barnwell AGDM"
"03:00","-3.9",-6.7,81,22,18,NA,"LegendMM",NA,-10,"LegendNANA",2015,1,2,"Barnwell AGDM"
"04:00","-1.9",-5,80,23,23,NA,"LegendMM",NA,-8,"LegendNANA",2015,1,2,"Barnwell AGDM"
"05:00","0.3",-3.4,77,23,31,NA,"LegendMM",NA,NA,"LegendNANA",2015,1,2,"Barnwell AGDM"
"06:00","2.6",-2.2,70,23,36,NA,"LegendMM",NA,NA,"LegendNANA",2015,1,2,"Barnwell AGDM"
"07:00","",NA,NA,NA,NA,NA,"",NA,NA,"",2015,1,2,"Barnwell AGDM"
"08:00","2.9",-1.6,72,24,25,NA,"LegendMM",NA,NA,"LegendNANA",2015,1,2,"Barnwell AGDM"
"09:00","2.6",-2.2,71,23,23,NA,"LegendMM",NA,NA,"LegendNANA",2015,1,2,"Barnwell AGDM"
"10:00","2.6",-2.7,68,27,40,NA,"LegendMM",NA,NA,"LegendNANA",2015,1,2,"Barnwell AGDM"
"11:00","2.4",-2.7,69,25,39,NA,"LegendMM",NA,NA,"LegendNANA",2015,1,2,"Barnwell AGDM"
"12:00","LegendMM",-6.2,90,34,33,NA,"LegendMM",NA,NA,"LegendNANA",2015,1,2,"Barnwell AGDM"
"13:00","LegendMM",-10.1,88,35,33,NA,"LegendMM",NA,NA,"LegendNANA",2015,1,2,"Barnwell AGDM"
"14:00","LegendMM",-11.5,88,35,36,NA,"LegendMM",NA,NA,"LegendNANA",2015,1,2,"Barnwell AGDM"
"15:00","-11.2",-13.3,84,35,34,NA,"LegendMM",NA,-22,"LegendNANA",2015,1,2,"Barnwell AGDM"
"16:00","-12.5",-14.5,85,35,34,NA,"LegendMM",NA,-23,"LegendNANA",2015,1,2,"Barnwell AGDM"
"17:00","-13.5",-15.1,88,36,33,NA,"LegendMM",NA,-25,"LegendNANA",2015,1,2,"Barnwell AGDM"
"18:00","-14.4",-16.1,87,36,33,NA,"LegendMM",NA,-26,"LegendNANA",2015,1,2,"Barnwell AGDM"
"19:00","-15.1",-16.8,87,35,29,NA,"LegendMM",NA,-26,"LegendNANA",2015,1,2,"Barnwell AGDM"
"20:00","-15.7",-17.4,86,36,30,NA,"LegendMM",NA,-27,"LegendNANA",2015,1,2,"Barnwell AGDM"
"21:00","-15.8",-17.9,84,36,27,NA,"LegendMM",NA,-27,"LegendNANA",2015,1,2,"Barnwell AGDM"
"22:00","-16.1",-17.9,86,36,21,NA,"LegendMM",NA,-26,"LegendNANA",2015,1,2,"Barnwell AGDM"
"23:00","-16.3",-18.2,85,36,17,NA,"LegendMM",NA,-25,"LegendNANA",2015,1,2,"Barnwell AGDM"
"00:00","-16.8",-18.9,84,36,24,NA,"LegendMM",NA,-27,"LegendNANA",2015,1,3,"Barnwell AGDM"
"01:00","-17.5",-19.9,82,36,16,NA,"LegendMM",NA,-26,"LegendNANA",2015,1,3,"Barnwell AGDM"
"02:00","-19.2",-21.2,84,31,4,NA,"LegendMM",NA,-23,"LegendNANA",2015,1,3,"Barnwell AGDM"
"03:00","-19.5",-21.4,85,35,6,NA,"LegendMM",NA,-24,"LegendNANA",2015,1,3,"Barnwell AGDM"
"04:00","-21.3",-23.3,84,29,9,NA,"LegendMM",NA,-28,"LegendNANA",2015,1,3,"Barnwell AGDM"
"05:00","-19.9",-21.8,85,32,11,NA,"LegendMM",NA,-28,"LegendNANA",2015,1,3,"Barnwell AGDM"
"06:00","-21.2",-23.2,84,31,7,NA,"LegendMM",NA,-27,"LegendNANA",2015,1,3,"Barnwell AGDM"
"07:00","-20.1",-21.8,86,32,10,NA,"LegendMM",NA,-27,"LegendNANA",2015,1,3,"Barnwell AGDM"
"08:00","-19.1",-20.9,86,27,7,NA,"LegendMM",NA,-25,"LegendNANA",2015,1,3,"Barnwell AGDM"
"09:00","-18.7",-20.6,85,29,6,NA,"LegendMM",NA,-24,"LegendNANA",2015,1,3,"Barnwell AGDM"
"10:00","-18",-20.2,83,32,6,NA,"LegendMM",NA,-23,"LegendNANA",2015,1,3,"Barnwell AGDM"
"11:00","-17.5",-19.8,82,33,11,NA,"LegendMM",NA,-25,"LegendNANA",2015,1,3,"Barnwell AGDM"
"12:00","-17.2",-20,79,36,14,NA,"LegendMM",NA,-25,"LegendNANA",2015,1,3,"Barnwell AGDM"
"13:00","-17.2",-20,79,36,12,NA,"LegendMM",NA,-25,"LegendNANA",2015,1,3,"Barnwell AGDM"
"14:00","-17.3",-20.2,78,34,15,NA,"LegendMM",NA,-26,"LegendNANA",2015,1,3,"Barnwell AGDM"
"15:00","-17.7",-20.3,80,34,19,NA,"LegendMM",NA,-27,"LegendNANA",2015,1,3,"Barnwell AGDM"
"16:00","-18",-20.4,81,36,15,NA,"LegendMM",NA,-27,"LegendNANA",2015,1,3,"Barnwell AGDM"
"17:00","-17.9",-20.2,82,36,13,NA,"LegendMM",NA,-26,"LegendNANA",2015,1,3,"Barnwell AGDM"
"18:00","-18",-20.2,83,1,16,NA,"LegendMM",NA,-27,"LegendNANA",2015,1,3,"Barnwell AGDM"
"19:00","-18.3",-20.3,84,2,13,NA,"LegendMM",NA,-26,"LegendNANA",2015,1,3,"Barnwell AGDM"
"20:00","-18.6",-20.7,83,5,10,NA,"LegendMM",NA,-26,"LegendNANA",2015,1,3,"Barnwell AGDM"
"21:00","-18.6",-20.6,85,6,6,NA,"LegendMM",NA,-23,"LegendNANA",2015,1,3,"Barnwell AGDM"
"22:00","-18.8",-20.9,84,7,10,NA,"LegendMM",NA,-26,"LegendNANA",2015,1,3,"Barnwell AGDM"
"23:00","-19.1",-21,85,8,10,NA,"LegendMM",NA,-26,"LegendNANA",2015,1,3,"Barnwell AGDM"
"00:00","-19.4",-21.4,84,6,9,NA,"LegendMM",NA,-26,"LegendNANA",2015,1,4,"Barnwell AGDM"
"01:00","-20.7",-22.9,83,7,18,NA,"LegendMM",NA,-31,"LegendNANA",2015,1,4,"Barnwell AGDM"
"02:00","-21.4",-23.6,82,6,17,NA,"LegendMM",NA,-31,"LegendNANA",2015,1,4,"Barnwell AGDM"
"03:00","-22",-24.4,81,7,14,NA,"LegendMM",NA,-31,"LegendNANA",2015,1,4,"Barnwell AGDM"
"04:00","-22.4",-24.9,80,7,11,NA,"LegendMM",NA,-31,"LegendNANA",2015,1,4,"Barnwell AGDM"
"05:00","-22.3",-24.9,80,9,9,NA,"LegendMM",NA,-29,"LegendNANA",2015,1,4,"Barnwell AGDM"
"06:00",NA,NA,NA,NA,NA,NA,"",NA,NA,"",2015,1,4,"Barnwell AGDM"
"07:00","-21.9",-24.7,78,8,6,NA,"LegendMM",NA,-27,"LegendNANA",2015,1,4,"Barnwell AGDM"
"08:00","-21.8",-24.5,78,9,4,NA,"LegendMM",NA,-25,"LegendNANA",2015,1,4,"Barnwell AGDM"
"09:00","-21.5",-24.3,78,13,2,NA,"LegendMM",NA,-23,"LegendNANA",2015,1,4,"Barnwell AGDM"
"10:00","-20.5",-23.5,77,NA,0,NA,"LegendMM",NA,NA,"LegendNANA",2015,1,4,"Barnwell AGDM"
"11:00","-19.8",-23,76,24,2,NA,"LegendMM",NA,-22,"LegendNANA",2015,1,4,"Barnwell AGDM"
"12:00","-19.2",-22.6,74,24,3,NA,"LegendMM",NA,-22,"LegendNANA",2015,1,4,"Barnwell AGDM"
"13:00","-20",-23.2,76,20,6,NA,"LegendMM",NA,-25,"LegendNANA",2015,1,4,"Barnwell AGDM"
"14:00","-19.6",-23.1,74,18,8,NA,"LegendMM",NA,-26,"LegendNANA",2015,1,4,"Barnwell AGDM"
"15:00","-20.4",-23.6,76,15,8,NA,"LegendMM",NA,-27,"LegendNANA",2015,1,4,"Barnwell AGDM"
"16:00","-20.5",-23.4,78,15,11,NA,"LegendMM",NA,-28,"LegendNANA",2015,1,4,"Barnwell AGDM"
"17:00","-19.8",-22.5,80,15,15,NA,"LegendMM",NA,-29,"LegendNANA",2015,1,4,"Barnwell AGDM"
"18:00","-18.9",-21.5,80,14,15,NA,"LegendMM",NA,-28,"LegendNANA",2015,1,4,"Barnwell AGDM"
"19:00","-17.6",-20.8,76,16,24,NA,"LegendMM",NA,-28,"LegendNANA",2015,1,4,"Barnwell AGDM"
"20:00","-17.4",-20.4,77,15,33,NA,"LegendMM",NA,-30,"LegendNANA",2015,1,4,"Barnwell AGDM"
"21:00","-17.1",-20.2,77,15,32,NA,"LegendMM",NA,-29,"LegendNANA",2015,1,4,"Barnwell AGDM"
"22:00","-16.6",-18.4,86,15,35,NA,"LegendMM",NA,-29,"LegendNANA",2015,1,4,"Barnwell AGDM"
"23:00","-16",-17.8,87,15,35,NA,"LegendMM",NA,-28,"LegendNANA",2015,1,4,"Barnwell AGDM"
"00:00","-15.7",-17.3,87,15,30,NA,"LegendMM",NA,-27,"LegendNANA",2015,1,5,"Barnwell AGDM"
"01:00","-14.5",-16.1,88,16,26,NA,"LegendMM",NA,-25,"LegendNANA",2015,1,5,"Barnwell AGDM"
"02:00","-14.2",-15.7,89,17,29,NA,"LegendMM",NA,-25,"LegendNANA",2015,1,5,"Barnwell AGDM"
"03:00","-12.6",-14.1,89,18,25,NA,"LegendMM",NA,-22,"LegendNANA",2015,1,5,"Barnwell AGDM"
"04:00","-12.4",-13.9,88,2,10,NA,"LegendMM",NA,-18,"LegendNANA",2015,1,5,"Barnwell AGDM"
"05:00","-13.8",-15.3,88,34,20,NA,"LegendMM",NA,-23,"LegendNANA",2015,1,5,"Barnwell AGDM"
"06:00","-16.8",-18.6,86,1,30,NA,"LegendMM",NA,-28,"LegendNANA",2015,1,5,"Barnwell AGDM"
"07:00","-17.8",-19.7,85,35,27,NA,"LegendMM",NA,-29,"LegendNANA",2015,1,5,"Barnwell AGDM"
"08:00","-18.1",-20.1,84,33,27,NA,"LegendMM",NA,-30,"LegendNANA",2015,1,5,"Barnwell AGDM"
"09:00","-18.6",-20.8,83,33,26,NA,"LegendMM",NA,-30,"LegendNANA",2015,1,5,"Barnwell AGDM"
"10:00","-18.1",-20.5,81,31,22,NA,"LegendMM",NA,-29,"LegendNANA",2015,1,5,"Barnwell AGDM"
"11:00","-16.7",-19.5,79,30,18,NA,"LegendMM",NA,-26,"LegendNANA",2015,1,5,"Barnwell AGDM"
"12:00","-16",-19.3,76,32,18,NA,"LegendMM",NA,-25,"LegendNANA",2015,1,5,"Barnwell AGDM"
"13:00","-15.5",-18.9,75,32,16,NA,"LegendMM",NA,-24,"LegendNANA",2015,1,5,"Barnwell AGDM"
"14:00","-15.5",-18.8,76,32,10,NA,"LegendMM",NA,-22,"LegendNANA",2015,1,5,"Barnwell AGDM"
"15:00","-15.5",-18.6,77,28,4,NA,"LegendMM",NA,-18,"LegendNANA",2015,1,5,"Barnwell AGDM"
"16:00","-15.1",-18.7,74,7,1,NA,"LegendMM",NA,-16,"LegendNANA",2015,1,5,"Barnwell AGDM"
"17:00","-15.2",-18.7,75,36,1,NA,"LegendMM",NA,-16,"LegendNANA",2015,1,5,"Barnwell AGDM"
"18:00","-15.1",-18.5,75,20,5,NA,"LegendMM",NA,-19,"LegendNANA",2015,1,5,"Barnwell AGDM"
"19:00","-14.9",-18.3,75,20,3,NA,"LegendMM",NA,-17,"LegendNANA",2015,1,5,"Barnwell AGDM"
"20:00","-14.5",-18,75,26,4,NA,"LegendMM",NA,-17,"LegendNANA",2015,1,5,"Barnwell AGDM"
"21:00","-14.9",-17.7,79,2,8,NA,"LegendMM",NA,-20,"LegendNANA",2015,1,5,"Barnwell AGDM"
"22:00","-14.8",-17.3,81,33,3,NA,"LegendMM",NA,-17,"LegendNANA",2015,1,5,"Barnwell AGDM"
"23:00","-14.4",-17.2,79,34,7,NA,"LegendMM",NA,-19,"LegendNANA",2015,1,5,"Barnwell AGDM"
"00:00","-14.4",-16.8,82,36,6,NA,"LegendMM",NA,-19,"LegendNANA",2015,1,6,"Barnwell AGDM"
"01:00","-14.4",-16.3,85,2,6,NA,"LegendMM",NA,-19,"LegendNANA",2015,1,6,"Barnwell AGDM"
"02:00","-14.4",-16.6,83,2,10,NA,"LegendMM",NA,-21,"LegendNANA",2015,1,6,"Barnwell AGDM"
"03:00","-14.9",-16.5,88,2,13,NA,"LegendMM",NA,-22,"LegendNANA",2015,1,6,"Barnwell AGDM"
"04:00","-15.4",-16.9,88,4,10,NA,"LegendMM",NA,-22,"LegendNANA",2015,1,6,"Barnwell AGDM"
"05:00","-15.6",-17,89,3,10,NA,"LegendMM",NA,-22,"LegendNANA",2015,1,6,"Barnwell AGDM"
"06:00","-15.6",-17.1,89,2,10,NA,"LegendMM",NA,-22,"LegendNANA",2015,1,6,"Barnwell AGDM"
"07:00","-15.8",-17.2,89,4,11,NA,"LegendMM",NA,-23,"LegendNANA",2015,1,6,"Barnwell AGDM"
"08:00","-15.8",-17.2,89,4,10,NA,"LegendMM",NA,-22,"LegendNANA",2015,1,6,"Barnwell AGDM"
"09:00","-15.7",-17.1,89,2,10,NA,"LegendMM",NA,-22,"LegendNANA",2015,1,6,"Barnwell AGDM"
"10:00","-15.1",-16.6,89,33,5,NA,"LegendMM",NA,-19,"LegendNANA",2015,1,6,"Barnwell AGDM"
"11:00","-14.5",-16.1,88,30,5,NA,"LegendMM",NA,-18,"LegendNANA",2015,1,6,"Barnwell AGDM"
"12:00","-14.2",-15.9,87,31,6,NA,"LegendMM",NA,-18,"LegendNANA",2015,1,6,"Barnwell AGDM"
"13:00","-14.2",-15.8,87,29,7,NA,"LegendMM",NA,-19,"LegendNANA",2015,1,6,"Barnwell AGDM"
"14:00","-13.7",-15.4,87,33,4,NA,"LegendMM",NA,-16,"LegendNANA",2015,1,6,"Barnwell AGDM"
"15:00","-14",-15.7,87,4,3,NA,"LegendMM",NA,-16,"LegendNANA",2015,1,6,"Barnwell AGDM"
"16:00","-14.4",-15.9,89,7,5,NA,"LegendMM",NA,-18,"LegendNANA",2015,1,6,"Barnwell AGDM"
"17:00","-14.6",-16,89,7,3,NA,"LegendMM",NA,-17,"LegendNANA",2015,1,6,"Barnwell AGDM"
"18:00","-14.6",-15.9,90,13,3,NA,"LegendMM",NA,-17,"LegendNANA",2015,1,6,"Barnwell AGDM"
"19:00","-14.5",-15.8,89,12,4,NA,"LegendMM",NA,-17,"LegendNANA",2015,1,6,"Barnwell AGDM"
"20:00","-14.4",-15.8,90,8,6,NA,"LegendMM",NA,-19,"LegendNANA",2015,1,6,"Barnwell AGDM"
"21:00","-14.3",-15.8,88,15,8,NA,"LegendMM",NA,-20,"LegendNANA",2015,1,6,"Barnwell AGDM"
"22:00","-14.2",-15.7,89,10,8,NA,"LegendMM",NA,-19,"LegendNANA",2015,1,6,"Barnwell AGDM"
"23:00","-14",-15.6,88,12,11,NA,"LegendMM",NA,-20,"LegendNANA",2015,1,6,"Barnwell AGDM"
"00:00","-13.8",-15.5,87,14,12,NA,"LegendMM",NA,-21,"LegendNANA",2015,1,7,"Barnwell AGDM"
"01:00","-13.8",-15.6,87,14,16,NA,"LegendMM",NA,-22,"LegendNANA",2015,1,7,"Barnwell AGDM"
"02:00","-13.5",-15.4,86,16,21,NA,"LegendMM",NA,-22,"LegendNANA",2015,1,7,"Barnwell AGDM"
"03:00","-14.2",-16.1,85,15,20,NA,"LegendMM",NA,-23,"LegendNANA",2015,1,7,"Barnwell AGDM"
"04:00","-14.4",-16.3,85,15,22,NA,"LegendMM",NA,-24,"LegendNANA",2015,1,7,"Barnwell AGDM"
"05:00","-13.6",-15.7,84,14,28,NA,"LegendMM",NA,-24,"LegendNANA",2015,1,7,"Barnwell AGDM"
"06:00","-12.6",-14.8,84,16,37,NA,"LegendMM",NA,-24,"LegendNANA",2015,1,7,"Barnwell AGDM"
"07:00","-12",-14.4,83,15,35,NA,"LegendMM",NA,-23,"LegendNANA",2015,1,7,"Barnwell AGDM"
"08:00","-11.7",-14.1,82,16,26,NA,"LegendMM",NA,-21,"LegendNANA",2015,1,7,"Barnwell AGDM"
"09:00","-11.3",-13.6,83,17,28,NA,"LegendMM",NA,-21,"LegendNANA",2015,1,7,"Barnwell AGDM"
"10:00","-10.6",-13,82,19,31,NA,"LegendMM",NA,-20,"LegendNANA",2015,1,7,"Barnwell AGDM"
"11:00","-9.9",-12.2,84,18,28,NA,"LegendMM",NA,-19,"LegendNANA",2015,1,7,"Barnwell AGDM"
"12:00","-8.7",-11,84,19,22,NA,"LegendMM",NA,-17,"LegendNANA",2015,1,7,"Barnwell AGDM"
"13:00","-5.5",-8.2,81,20,23,NA,"LegendMM",NA,-13,"LegendNANA",2015,1,7,"Barnwell AGDM"
"14:00","-5.3",-7.8,82,5,13,NA,"LegendMM",NA,-10,"LegendNANA",2015,1,7,"Barnwell AGDM"
"15:00","-4.7",-7,84,15,6,NA,"LegendMM",NA,-7,"LegendNANA",2015,1,7,"Barnwell AGDM"
"16:00","-5.7",-8.2,83,26,10,NA,"LegendMM",NA,-10,"LegendNANA",2015,1,7,"Barnwell AGDM"
"17:00","-7.2",-9.3,85,36,8,NA,"LegendMM",NA,-11,"LegendNANA",2015,1,7,"Barnwell AGDM"
"18:00","-5.2",-7.3,85,22,11,NA,"LegendMM",NA,-10,"LegendNANA",2015,1,7,"Barnwell AGDM"
"19:00","-3.7",-6.2,83,8,2,NA,"LegendMM",NA,-5,"LegendNANA",2015,1,7,"Barnwell AGDM"
"20:00","-5.5",-7.3,87,30,15,NA,"LegendMM",NA,-11,"LegendNANA",2015,1,7,"Barnwell AGDM"
"21:00","-2.9",-5.2,84,35,24,NA,"LegendMM",NA,-10,"LegendNANA",2015,1,7,"Barnwell AGDM"
"22:00","-2.8",-4.6,88,29,13,NA,"LegendMM",NA,-7,"LegendNANA",2015,1,7,"Barnwell AGDM"
"23:00","-2",-3.3,91,26,17,NA,"LegendMM",NA,-7,"LegendNANA",2015,1,7,"Barnwell AGDM"
"00:00","-0.6",-2.7,86,34,34,NA,"LegendMM",NA,-8,"LegendNANA",2015,1,8,"Barnwell AGDM"
"01:00","-5",-6.8,88,2,40,NA,"LegendMM",NA,-14,"LegendNANA",2015,1,8,"Barnwell AGDM"
"02:00","-8.2",-9.6,89,2,40,NA,"LegendMM",NA,-18,"LegendNANA",2015,1,8,"Barnwell AGDM"
"03:00","-9.2",-10.6,89,1,30,NA,"LegendMM",NA,-18,"LegendNANA",2015,1,8,"Barnwell AGDM"
"04:00","-10.4",-12.5,85,35,44,NA,"LegendMM",NA,-22,"LegendNANA",2015,1,8,"Barnwell AGDM"
"05:00","-10.7",-12.7,86,34,29,NA,"LegendMM",NA,-20,"LegendNANA",2015,1,8,"Barnwell AGDM"
"06:00","-11.6",-12.9,90,34,41,NA,"LegendMM",NA,-23,"LegendNANA",2015,1,8,"Barnwell AGDM"
"07:00","-11.7",-13.1,90,33,34,NA,"LegendMM",NA,-22,"LegendNANA",2015,1,8,"Barnwell AGDM"
"08:00","-11.7",-13.1,89,33,30,NA,"LegendMM",NA,-22,"LegendNANA",2015,1,8,"Barnwell AGDM"
"09:00","-11.5",-13.6,85,33,26,NA,"LegendMM",NA,-21,"LegendNANA",2015,1,8,"Barnwell AGDM"
"10:00","-11.3",-13.3,85,32,22,NA,"LegendMM",NA,-20,"LegendNANA",2015,1,8,"Barnwell AGDM"
"11:00","-11.4",-14.3,79,34,31,NA,"LegendMM",NA,-21,"LegendNANA",2015,1,8,"Barnwell AGDM"
"12:00","-12.1",-15.5,76,35,17,NA,"LegendMM",NA,-20,"LegendNANA",2015,1,8,"Barnwell AGDM"
"13:00","-12.5",-16.9,70,33,29,NA,"LegendMM",NA,-23,"LegendNANA",2015,1,8,"Barnwell AGDM"
"14:00","-13.2",-17.5,71,33,22,NA,"LegendMM",NA,-22,"LegendNANA",2015,1,8,"Barnwell AGDM"
"15:00","-14.4",-18.4,72,31,11,NA,"LegendMM",NA,-21,"LegendNANA",2015,1,8,"Barnwell AGDM"
"16:00","-15.3",-19,74,26,6,NA,"LegendMM",NA,-20,"LegendNANA",2015,1,8,"Barnwell AGDM"
"17:00","-18.4",-21.5,77,29,7,NA,"LegendMM",NA,-24,"LegendNANA",2015,1,8,"Barnwell AGDM"
"18:00","-21",-23,84,27,6,NA,"LegendMM",NA,-26,"LegendNANA",2015,1,8,"Barnwell AGDM"
"19:00","-24.9",-27.2,81,22,13,NA,"LegendMM",NA,-34,"LegendNANA",2015,1,8,"Barnwell AGDM"
"20:00","-26",-28.3,81,24,13,NA,"LegendMM",NA,-36,"LegendNANA",2015,1,8,"Barnwell AGDM"
"21:00","-27.1",-29.4,81,24,13,NA,"LegendMM",NA,-37,"LegendNANA",2015,1,8,"Barnwell AGDM"
"22:00","-26.2",-28.4,82,22,11,NA,"LegendMM",NA,-35,"LegendNANA",2015,1,8,"Barnwell AGDM"
"23:00","-26.9",-29.3,81,25,12,NA,"LegendMM",NA,-36,"LegendNANA",2015,1,8,"Barnwell AGDM"
"00:00","-25.9",-28.4,80,25,14,NA,"LegendMM",NA,-36,"LegendNANA",2015,1,9,"Barnwell AGDM"
"01:00","-27.3",-29.9,78,25,11,NA,"LegendMM",NA,-36,"LegendNANA",2015,1,9,"Barnwell AGDM"
"02:00","-27.9",-30.4,79,33,3,NA,"LegendMM",NA,-31,"LegendNANA",2015,1,9,"Barnwell AGDM"
"03:00","-28.6",-31.7,74,22,6,NA,"LegendMM",NA,-35,"LegendNANA",2015,1,9,"Barnwell AGDM"
"04:00","-27.9",-30.5,78,10,3,NA,"LegendMM",NA,-31,"LegendNANA",2015,1,9,"Barnwell AGDM"
"05:00","-29.6",-32.3,77,35,5,NA,"LegendMM",NA,-35,"LegendNANA",2015,1,9,"Barnwell AGDM"
"06:00","-29.2",-31.9,77,0,1,NA,"LegendMM",NA,-30,"LegendNANA",2015,1,9,"Barnwell AGDM"
"07:00","-31",-34.4,72,28,2,NA,"LegendMM",NA,-33,"LegendNANA",2015,1,9,"Barnwell AGDM"
"08:00","-30.6",-33.4,76,32,4,NA,"LegendMM",NA,-35,"LegendNANA",2015,1,9,"Barnwell AGDM"
"09:00","-28.4",-31.2,77,34,2,NA,"LegendMM",NA,-31,"LegendNANA",2015,1,9,"Barnwell AGDM"
"10:00","-27.5",-30.5,76,29,7,NA,"LegendMM",NA,-34,"LegendNANA",2015,1,9,"Barnwell AGDM"
"11:00","-25.4",-28,79,29,9,NA,"LegendMM",NA,-33,"LegendNANA",2015,1,9,"Barnwell AGDM"
"12:00","-22.7",-25.3,79,30,5,NA,"LegendMM",NA,-27,"LegendNANA",2015,1,9,"Barnwell AGDM"
"13:00",NA,NA,NA,NA,NA,NA,"",NA,NA,"",2015,1,9,"Barnwell AGDM"
"14:00","-20.9",-23.8,77,27,9,NA,"LegendMM",NA,-28,"LegendNANA",2015,1,9,"Barnwell AGDM"
"15:00","-18.5",-21.9,74,25,6,NA,"LegendMM",NA,-23,"LegendNANA",2015,1,9,"Barnwell AGDM"
"16:00","-18.7",-21.5,79,29,6,NA,"LegendMM",NA,-24,"LegendNANA",2015,1,9,"Barnwell AGDM"
"17:00","-20.1",-22.5,81,1,5,NA,"LegendMM",NA,-24,"LegendNANA",2015,1,9,"Barnwell AGDM"
"18:00",NA,NA,NA,NA,NA,NA,"",NA,NA,"",2015,1,9,"Barnwell AGDM"
"19:00","-18.7",-20.8,83,19,3,NA,"LegendMM",NA,-21,"LegendNANA",2015,1,9,"Barnwell AGDM"
"20:00","-18.8",-21.1,82,1,9,NA,"LegendMM",NA,-25,"LegendNANA",2015,1,9,"Barnwell AGDM"
"21:00","-18.1",-20.2,84,26,4,NA,"LegendMM",NA,-21,"LegendNANA",2015,1,9,"Barnwell AGDM"
"22:00","-16.1",-18.1,85,25,11,NA,"LegendMM",NA,-23,"LegendNANA",2015,1,9,"Barnwell AGDM"
"23:00","-14.1",-16.4,83,23,14,NA,"LegendMM",NA,-22,"LegendNANA",2015,1,9,"Barnwell AGDM"
"00:00","-11.9",-14.4,82,23,18,NA,"LegendMM",NA,-20,"LegendNANA",2015,1,10,"Barnwell AGDM"
"01:00","-10",-12.5,82,26,18,NA,"LegendMM",NA,-17,"LegendNANA",2015,1,10,"Barnwell AGDM"
"02:00","-9.3",-11.8,82,26,14,NA,"LegendMM",NA,-16,"LegendNANA",2015,1,10,"Barnwell AGDM"
"03:00","-8",-10.4,83,27,14,NA,"LegendMM",NA,-14,"LegendNANA",2015,1,10,"Barnwell AGDM"
"04:00","-6.1",-9.9,74,32,10,NA,"LegendMM",NA,-11,"LegendNANA",2015,1,10,"Barnwell AGDM"
"05:00",NA,NA,NA,NA,NA,NA,"",NA,NA,"",2015,1,10,"Barnwell AGDM"
"06:00","-10.1",-13.7,75,3,15,NA,"LegendMM",NA,-17,"LegendNANA",2015,1,10,"Barnwell AGDM"
"07:00","-10.7",-13.3,81,3,11,NA,"LegendMM",NA,-16,"LegendNANA",2015,1,10,"Barnwell AGDM"
"08:00","-11",-13,86,5,14,NA,"LegendMM",NA,-18,"LegendNANA",2015,1,10,"Barnwell AGDM"
"09:00","-12.1",-14.3,84,10,9,NA,"LegendMM",NA,-17,"LegendNANA",2015,1,10,"Barnwell AGDM"
"10:00","-11.8",-13.9,84,9,9,NA,"LegendMM",NA,-17,"LegendNANA",2015,1,10,"Barnwell AGDM"
"11:00","-11.6",-14.3,81,4,8,NA,"LegendMM",NA,-16,"LegendNANA",2015,1,10,"Barnwell AGDM"
"12:00","-12",-14.1,84,5,12,NA,"LegendMM",NA,-18,"LegendNANA",2015,1,10,"Barnwell AGDM"
"13:00",NA,NA,NA,NA,NA,NA,"",NA,NA,"",2015,1,10,"Barnwell AGDM"
"14:00","-11.7",-14.2,82,5,9,NA,"LegendMM",NA,-17,"LegendNANA",2015,1,10,"Barnwell AGDM"
"15:00","-11.7",-14.2,82,4,7,NA,"LegendMM",NA,-16,"LegendNANA",2015,1,10,"Barnwell AGDM"
"16:00","-13.4",-15.4,84,3,6,NA,"LegendMM",NA,-17,"LegendNANA",2015,1,10,"Barnwell AGDM"
"17:00","-13.4",-15.4,86,1,10,NA,"LegendMM",NA,-19,"LegendNANA",2015,1,10,"Barnwell AGDM"
"18:00","-13.3",-15.3,86,2,10,NA,"LegendMM",NA,-19,"LegendNANA",2015,1,10,"Barnwell AGDM"
"19:00","-13",-14.9,85,3,7,NA,"LegendMM",NA,-18,"LegendNANA",2015,1,10,"Barnwell AGDM"
"20:00","-12.8",-14.6,86,4,9,NA,"LegendMM",NA,-18,"LegendNANA",2015,1,10,"Barnwell AGDM"
"21:00",NA,NA,NA,NA,NA,NA,"",NA,NA,"",2015,1,10,"Barnwell AGDM"
"22:00","-13",-15,85,36,7,NA,"LegendMM",NA,-18,"LegendNANA",2015,1,10,"Barnwell AGDM"
"23:00","-12.9",-14.7,86,36,8,NA,"LegendMM",NA,-18,"LegendNANA",2015,1,10,"Barnwell AGDM"
